priority,name,category,latitude,longitude,own_brand_note,competitor_count,competitor_brands,competitor_max_kw,source_id,next_step
HIGH,1 Nolu Açs Ve Aile Planlama Merkez,clinic,39.9634634,32.7887864,,0,,0.0,way/460461792,"Contact the site manager, gauge interest, send an engineer to cost the installation, then prepare a commercial offer."
HIGH,100. Yıl Aile Sağlığı Merkezi,clinic,39.8941261,32.7946621,,0,,0.0,node/9422789842,"Contact the site manager, gauge interest, send an engineer to cost the installation, then prepare a commercial offer."
HIGH,19 Mayis Saglik Ocagi,clinic,39.9875612,32.8508137,,0,,0.0,node/4232354291,"Contact the site manager, gauge interest, send an engineer to cost the installation, then prepare a commercial offer."
HIGH,29 Mayıs Hastanesi,hospital,39.875679,32.8345198,,0,,0.0,way/441138201,"Contact the site manager, gauge interest, send an engineer to cost the installation, then prepare a commercial offer."
HIGH,365 AVM,mall,39.875625,32.869883,zes 0kW,0,,0.0,way/284664754,"Contact the site manager, gauge interest, send an engineer to cost the installation, then prepare a commercial offer."
HIGH,50. Yıl Aile Sağlığı Merkezi,clinic,39.9225622,32.8825267,,0,,0.0,way/1157897290,"Contact the site manager, gauge interest, send an engineer to cost the installation, then prepare a commercial offer."
HIGH,60. Yıl Aile Sağlığı Merkez,clinic,39.9066544,32.9110805,,0,,0.0,way/429877067,"Contact the site manager, gauge interest, send an engineer to cost the installation, then prepare a commercial offer."
HIGH,64. Yurt / Yurtlar Müdürlüğü,business_centre,39.8634541,32.749148,,0,,0.0,way/194700265,"Contact the site manager, gauge interest, send an engineer to cost the installation, then prepare a commercial offer."
HIGH,A LIFE HOSPİTAL,hospital,39.9537617,32.6281702,,0,,0.0,node/6908189886,"Contact the site manager, gauge interest, send an engineer to cost the installation, then prepare a commercial offer."
HIGH,A LİFE HOSPİTAL,hospital,40.0429216,32.9063771,,0,,0.0,way/406194563,"Contact the site manager, gauge interest, send an engineer to cost the installation, then prepare a commercial offer."
HIGH,AMATEM,hospital,39.9885106,32.7630094,,0,,0.0,way/616198180,"Contact the site manager, gauge interest, send an engineer to cost the installation, then prepare a commercial offer."
HIGH,ARSLAN ÇOCUK KLİNİĞİ,clinic,39.9730928,32.8858385,,0,,0.0,node/11022512401,"Contact the site manager, gauge interest, send an engineer to cost the installation, then prepare a commercial offer."
HIGH,ASELSAN ARGE Binası,business_centre,39.89342,32.7735823,,0,,0.0,way/423686079,"Contact the site manager, gauge interest, send an engineer to cost the installation, then prepare a commercial offer."
HIGH,Abdullah Pazarbaşı Aile Sağlık Merkezi,clinic,39.9929568,32.8835913,,0,,0.0,way/412403017,"Contact the site manager, gauge interest, send an engineer to cost the installation, then prepare a commercial offer."
HIGH,Acil Servis,clinic,39.9697674,32.6958431,,0,,0.0,node/12094885449,"Contact the site manager, gauge interest, send an engineer to cost the installation, then prepare a commercial offer."
HIGH,Adnan Yüksel ASM Aile Sağlığı Merkezi,clinic,39.9777553,32.8293264,,0,,0.0,node/12378377401,"Contact the site manager, gauge interest, send an engineer to cost the installation, then prepare a commercial offer."
HIGH,Aile Sağlığı Merkezi,clinic,39.978061,32.6191245,,0,,0.0,way/228830382,"Contact the site manager, gauge interest, send an engineer to cost the installation, then prepare a commercial offer."
HIGH,Akcan,mall,39.9784274,32.8597877,,0,,0.0,node/14021746663,"Contact the site manager, gauge interest, send an engineer to cost the installation, then prepare a commercial offer."
HIGH,Aktepe Sağlık Ocağı,clinic,39.9996934,32.8840553,,0,,0.0,way/406047014,"Contact the site manager, gauge interest, send an engineer to cost the installation, then prepare a commercial offer."
HIGH,Albir Gross,mall,40.0431341,32.9267175,,0,,0.0,way/1313210528,"Contact the site manager, gauge interest, send an engineer to cost the installation, then prepare a commercial offer."
HIGH,Altunbilekler Market,mall,39.9822274,32.7491801,,0,,0.0,way/429939634,"Contact the site manager, gauge interest, send an engineer to cost the installation, then prepare a commercial offer."
HIGH,Altındağ 4 Nolu Aile Sağlığı Merkezi,clinic,39.9748466,32.9725777,,0,,0.0,way/1047196655,"Contact the site manager, gauge interest, send an engineer to cost the installation, then prepare a commercial offer."
HIGH,Anatolia Tüp Bebek Merkezi,clinic,39.8930408,32.8561725,,0,,0.0,node/247208801,"Contact the site manager, gauge interest, send an engineer to cost the installation, then prepare a commercial offer."
HIGH,Anfa Güvenlik,business_centre,39.8833589,32.8299187,,0,,0.0,way/1395056023,"Contact the site manager, gauge interest, send an engineer to cost the installation, then prepare a commercial offer."
HIGH,Angora Çarşı,mall,39.8570687,32.6331907,,0,,0.0,relation/16388419,"Contact the site manager, gauge interest, send an engineer to cost the installation, then prepare a commercial offer."
HIGH,Ankara Bilkent Şehir Hastanesi,hospital,39.9007383,32.757011,,0,,0.0,way/724710677,"Contact the site manager, gauge interest, send an engineer to cost the installation, then prepare a commercial offer."
HIGH,Ankara Bilkent Şehir Hastanesi Radyasyon Onkolojisi,hospital,39.8984326,32.7575882,,0,,0.0,node/12019690869,"Contact the site manager, gauge interest, send an engineer to cost the installation, then prepare a commercial offer."
HIGH,Ankara Etlik Şehir Hastanesi,hospital,39.9636744,32.8277855,,0,,0.0,way/451822397,"Contact the site manager, gauge interest, send an engineer to cost the installation, then prepare a commercial offer."
HIGH,Ankara Eğitim Ve Araştırma Hastanesi,hospital,39.9368769,32.8758314,,0,,0.0,way/387217824,"Contact the site manager, gauge interest, send an engineer to cost the installation, then prepare a commercial offer."
HIGH,Ankara Eğitim ve Araştırma Hastanesi Hüseyingazi Semt Polikliniği,hospital,39.9684373,32.9618981,,0,,0.0,way/1262809083,"Contact the site manager, gauge interest, send an engineer to cost the installation, then prepare a commercial offer."
HIGH,Ankara Gazi Mustafa Kemal Mesleki ve Çevresel Hastalıklar Hastanesi,hospital,39.9450353,32.8240136,,0,,0.0,way/280239178,"Contact the site manager, gauge interest, send an engineer to cost the installation, then prepare a commercial offer."
HIGH,Ankara Meslek Hastalıkları Hastanesi,hospital,40.0079039,32.8611095,,0,,0.0,way/405321396,"Contact the site manager, gauge interest, send an engineer to cost the installation, then prepare a commercial offer."
HIGH,Ankara Numune Hastanesi Siteler,hospital,39.9572683,32.8953316,,0,,0.0,node/4230329694,"Contact the site manager, gauge interest, send an engineer to cost the installation, then prepare a commercial offer."
HIGH,Ankara Uluslararası Hastanesi,hospital,40.002211,32.8735609,,0,,0.0,way/405601395,"Contact the site manager, gauge interest, send an engineer to cost the installation, then prepare a commercial offer."
HIGH,Ankara Çeviri Bürosu,business_centre,39.9177021,32.8566752,,0,,0.0,way/225919895,"Contact the site manager, gauge interest, send an engineer to cost the installation, then prepare a commercial offer."
HIGH,Ankara Üniversitesi Tıp Fakültesi Cebeci Hastanesi,hospital,39.9333314,32.8836893,,0,,0.0,way/56697022,"Contact the site manager, gauge interest, send an engineer to cost the installation, then prepare a commercial offer."
HIGH,Ankara Üniversitesi Tıp Fakültesi Kalp Merkezi,hospital,39.9350483,32.8824768,,0,,0.0,way/1445758106,"Contact the site manager, gauge interest, send an engineer to cost the installation, then prepare a commercial offer."
HIGH,AnkaraLife,clinic,39.9233501,32.855563,,0,,0.0,node/8549752696,"Contact the site manager, gauge interest, send an engineer to cost the installation, then prepare a commercial offer."
HIGH,Ankasu Göz,hospital,39.9769159,32.8696221,,0,,0.0,way/414801239,"Contact the site manager, gauge interest, send an engineer to cost the installation, then prepare a commercial offer."
HIGH,Anse AVM,mall,39.8957145,32.6773601,,0,,0.0,way/332236311,"Contact the site manager, gauge interest, send an engineer to cost the installation, then prepare a commercial offer."
HIGH,Ansera AVM,mall,39.8893707,32.8500218,,0,,0.0,way/67522909,"Contact the site manager, gauge interest, send an engineer to cost the installation, then prepare a commercial offer."
HIGH,Arslan Çocuk Kliniği,clinic,39.9730237,32.8858509,,0,,0.0,way/414910480,"Contact the site manager, gauge interest, send an engineer to cost the installation, then prepare a commercial offer."
HIGH,Arya Çarşı,mall,39.9923527,32.6141377,,0,,0.0,way/455669584,"Contact the site manager, gauge interest, send an engineer to cost the installation, then prepare a commercial offer."
HIGH,Asya Aile Sağlığı Merkezi,clinic,40.0002747,32.862321,,0,,0.0,node/4076349292,"Contact the site manager, gauge interest, send an engineer to cost the installation, then prepare a commercial offer."
HIGH,Ata Yıldız Plaza,business_centre,39.9668023,32.6354422,,0,,0.0,way/429328830,"Contact the site manager, gauge interest, send an engineer to cost the installation, then prepare a commercial offer."
HIGH,Atatürk Eğitim Ve Araştırma Hastanesi Semt Polikliniği,hospital,39.9117512,32.825822,,0,,0.0,way/417670214,"Contact the site manager, gauge interest, send an engineer to cost the installation, then prepare a commercial offer."
HIGH,Atatürk Göğüs Hastalıkları ve Cerrahi Hastanesi,hospital,40.0016941,32.854332,,0,,0.0,way/360595930,"Contact the site manager, gauge interest, send an engineer to cost the installation, then prepare a commercial offer."
HIGH,Atatürk Hastanesi Çukurambar Semt Polikliniği,clinic,39.9002752,32.8044486,,0,,0.0,node/1854436961,"Contact the site manager, gauge interest, send an engineer to cost the installation, then prepare a commercial offer."
HIGH,Atatürk Sanatoryum Eğitim ve Araştırma Hastanesi,hospital,40.0020883,32.8569323,,0,,0.0,way/360597260,"Contact the site manager, gauge interest, send an engineer to cost the installation, then prepare a commercial offer."
HIGH,Ayaslı Araştırma Merkezi,business_centre,39.8908337,32.7817357,,0,,0.0,way/430982889,"Contact the site manager, gauge interest, send an engineer to cost the installation, then prepare a commercial offer."
HIGH,Aydınlıkevler Aile Sağlığı Merkezi,clinic,39.9603058,32.8806327,,0,,0.0,node/11386192340,"Contact the site manager, gauge interest, send an engineer to cost the installation, then prepare a commercial offer."
HIGH,Aynalı Çarşı,mall,39.9061957,32.8610366,,0,,0.0,node/247208696,"Contact the site manager, gauge interest, send an engineer to cost the installation, then prepare a commercial offer."
HIGH,Ayyıldız Çarşısı,mall,39.9391727,32.6195638,,0,,0.0,way/1408517254,"Contact the site manager, gauge interest, send an engineer to cost the installation, then prepare a commercial offer."
HIGH,Bademlik Aile Sağlığı Merkezi,clinic,40.0089856,32.8745306,,0,,0.0,way/406046989,"Contact the site manager, gauge interest, send an engineer to cost the installation, then prepare a commercial offer."
HIGH,Balıkçıoğlu İş Merkezi,business_centre,39.9267167,32.8545515,,0,,0.0,way/698088300,"Contact the site manager, gauge interest, send an engineer to cost the installation, then prepare a commercial offer."
HIGH,Barış Sitesi Aile Sağlığı Merkezi,clinic,39.982768,32.8387014,,0,,0.0,node/4085039207,"Contact the site manager, gauge interest, send an engineer to cost the installation, then prepare a commercial offer."
HIGH,Batıkent 1 No'lu Aile Sağlığı Merkezi,clinic,39.9526497,32.7279963,,0,,0.0,way/429897002,"Contact the site manager, gauge interest, send an engineer to cost the installation, then prepare a commercial offer."
HIGH,Batıkent 2 No'lu Aile Sağlığı Merkezi,clinic,39.9672781,32.7220217,,0,,0.0,way/672425488,"Contact the site manager, gauge interest, send an engineer to cost the installation, then prepare a commercial offer."
HIGH,Batıkent 3 No'lu Aile Sağlığı Merkezi,clinic,39.9762009,32.6896566,,0,,0.0,way/664709368,"Contact the site manager, gauge interest, send an engineer to cost the installation, then prepare a commercial offer."
HIGH,Batıkent 7 Nolu Aile Sağlığı Merkezi,clinic,39.9592331,32.7183874,,0,,0.0,way/1376897363,"Contact the site manager, gauge interest, send an engineer to cost the installation, then prepare a commercial offer."
HIGH,Bağlıca Aile Sağlığı Merkezi,clinic,39.8994666,32.6381275,,0,,0.0,node/11037122932,"Contact the site manager, gauge interest, send an engineer to cost the installation, then prepare a commercial offer."
HIGH,Başkent Üniversitesi Hastanesi,hospital,39.9254075,32.8319519,,0,,0.0,node/62673820,"Contact the site manager, gauge interest, send an engineer to cost the installation, then prepare a commercial offer."
HIGH,Başkent Üniversitesi Hastanesi Psiko-Sosyal Rehabilitasyon Merkezi,hospital,39.8610687,32.6041772,,0,,0.0,way/51662893,"Contact the site manager, gauge interest, send an engineer to cost the installation, then prepare a commercial offer."
HIGH,Başkent Üniversitesi Hastanesi Psiko-Sosyal Rehabilitasyon Merkezi,clinic,39.8613017,32.6046599,,0,,0.0,way/473259322,"Contact the site manager, gauge interest, send an engineer to cost the installation, then prepare a commercial offer."
HIGH,Başkent İş Merkezi,business_centre,39.9497073,32.8516858,,0,,0.0,way/217759437,"Contact the site manager, gauge interest, send an engineer to cost the installation, then prepare a commercial offer."
HIGH,Betemar Etimesgut Diyaliz Merkezi,clinic,39.9529225,32.6392014,,0,,0.0,node/14184997566,"Contact the site manager, gauge interest, send an engineer to cost the installation, then prepare a commercial offer."
HIGH,Betontaş İş Merkezi,mall,39.9682662,32.6442599,,0,,0.0,way/429328752,"Contact the site manager, gauge interest, send an engineer to cost the installation, then prepare a commercial offer."
HIGH,Beytepe Alışveriş Merkezi,mall,39.8684984,32.7319605,,0,,0.0,way/544164472,"Contact the site manager, gauge interest, send an engineer to cost the installation, then prepare a commercial offer."
HIGH,Beytepe Modern Ofis,business_centre,39.8631386,32.7183467,,0,,0.0,way/1380825044,"Contact the site manager, gauge interest, send an engineer to cost the installation, then prepare a commercial offer."
HIGH,Beytepe Semt Polikliniği,clinic,39.8678429,32.7336468,,0,,0.0,way/544163794,"Contact the site manager, gauge interest, send an engineer to cost the installation, then prepare a commercial offer."
HIGH,Beştepe Aile Sağlığı Merkezi,clinic,39.9225984,32.8059329,,0,,0.0,way/897121001,"Contact the site manager, gauge interest, send an engineer to cost the installation, then prepare a commercial offer."
HIGH,Beştepe Devlet Hastanesi,hospital,39.9295366,32.8153922,,0,,0.0,way/461619040,"Contact the site manager, gauge interest, send an engineer to cost the installation, then prepare a commercial offer."
HIGH,Bostancık Aile Sağlığı Merkezi,clinic,39.9609808,32.9356332,,0,,0.0,way/420692110,"Contact the site manager, gauge interest, send an engineer to cost the installation, then prepare a commercial offer."
HIGH,Cengizhan Aile Sağlığı Merkezi,clinic,39.900138,32.9201669,,0,,0.0,node/4089438541,"Contact the site manager, gauge interest, send an engineer to cost the installation, then prepare a commercial offer."
HIGH,Cihan Göz Hastalıkları ve Cerrahi Merkezi,clinic,39.9647735,32.7533512,,0,,0.0,node/10540368409,"Contact the site manager, gauge interest, send an engineer to cost the installation, then prepare a commercial offer."
HIGH,Diyaliz Merkezi,clinic,39.8832103,32.8710967,zes 60kW,0,,0.0,way/421304468,"Contact the site manager, gauge interest, send an engineer to cost the installation, then prepare a commercial offer."
HIGH,Diyetisyen Merve Ezgi Bulut,clinic,39.9129565,32.7568515,,0,,0.0,node/11371380956,"Contact the site manager, gauge interest, send an engineer to cost the installation, then prepare a commercial offer."
HIGH,Dolphin AVM,mall,39.9743186,32.6222107,,0,,0.0,way/192518124,"Contact the site manager, gauge interest, send an engineer to cost the installation, then prepare a commercial offer."
HIGH,Doğu Kampüs Sağlık Merkezi,clinic,39.871262,32.7638975,,0,,0.0,node/4326349621,"Contact the site manager, gauge interest, send an engineer to cost the installation, then prepare a commercial offer."
HIGH,Dr Cengiz Kılıç Aile Sağlık Merkezi,clinic,39.9980086,32.8549347,,0,,0.0,way/484204833,"Contact the site manager, gauge interest, send an engineer to cost the installation, then prepare a commercial offer."
HIGH,Dr. Betül Temel,clinic,39.9163988,32.8570918,,0,,0.0,node/13745581501,"Contact the site manager, gauge interest, send an engineer to cost the installation, then prepare a commercial offer."
HIGH,Dr. Emre Demir Aile Sağlığı Merkezi,clinic,39.9270774,32.8884155,,0,,0.0,way/432362122,"Contact the site manager, gauge interest, send an engineer to cost the installation, then prepare a commercial offer."
HIGH,Dr. Selahattin Şahan Aile Sağlığı Merkezi,clinic,39.9720689,32.7315447,,0,,0.0,way/1376321139,"Contact the site manager, gauge interest, send an engineer to cost the installation, then prepare a commercial offer."
HIGH,Durmuş Ali Yaman Aile Sağlığı Merkezi,clinic,39.9765208,32.894571,,0,,0.0,way/421956515,"Contact the site manager, gauge interest, send an engineer to cost the installation, then prepare a commercial offer."
HIGH,Düzen Çayyolu Polikliniği,hospital,39.871819,32.6853488,,0,,0.0,way/388047407,"Contact the site manager, gauge interest, send an engineer to cost the installation, then prepare a commercial offer."
HIGH,ERMAX,mall,39.9797733,32.8596576,,0,,0.0,node/14021746678,"Contact the site manager, gauge interest, send an engineer to cost the installation, then prepare a commercial offer."
HIGH,Ege Radyoloji,clinic,39.9087102,32.8623906,,0,,0.0,node/83559483,"Contact the site manager, gauge interest, send an engineer to cost the installation, then prepare a commercial offer."
HIGH,Ekin Çamlık Aile Sağlığı Merkezi,clinic,39.9717909,32.9538034,,0,,0.0,way/420259893,"Contact the site manager, gauge interest, send an engineer to cost the installation, then prepare a commercial offer."
HIGH,Elvankent Aile Sağlığı Merkezi,clinic,39.9576742,32.6124241,,0,,0.0,way/445913641,"Contact the site manager, gauge interest, send an engineer to cost the installation, then prepare a commercial offer."
HIGH,Emek Aile Sağlığı Merkezi,clinic,39.9241542,32.8159995,,0,,0.0,way/225002671,"Contact the site manager, gauge interest, send an engineer to cost the installation, then prepare a commercial offer."
HIGH,Emek Psikoloji,clinic,39.9277594,32.8196321,,0,,0.0,node/14106460658,"Contact the site manager, gauge interest, send an engineer to cost the installation, then prepare a commercial offer."
HIGH,Erdem Çarşısı,mall,39.9728933,32.7167221,,0,,0.0,way/223561022,"Contact the site manager, gauge interest, send an engineer to cost the installation, then prepare a commercial offer."
HIGH,Erdoğan Şahinoğlu A. S. M,hospital,39.8799317,32.8002567,,0,,0.0,node/12067916822,"Contact the site manager, gauge interest, send an engineer to cost the installation, then prepare a commercial offer."
HIGH,Eryaman 2 Nolu Aile Sağlığı Merkezi,clinic,39.9780553,32.6507613,,0,,0.0,way/429128671,"Contact the site manager, gauge interest, send an engineer to cost the installation, then prepare a commercial offer."
HIGH,Eryaman 4 Nolu Aile Sağlığı Merkezi,clinic,39.9896807,32.624237,,0,,0.0,way/486692075,"Contact the site manager, gauge interest, send an engineer to cost the installation, then prepare a commercial offer."
HIGH,Eryaman 5 No'lu Sağlık Ocağı,clinic,39.9736273,32.6238994,,0,,0.0,way/429068324,"Contact the site manager, gauge interest, send an engineer to cost the installation, then prepare a commercial offer."
HIGH,Eser İşhanı ve Çarşısı,mall,39.9435433,32.8514309,,0,,0.0,node/3969830707,"Contact the site manager, gauge interest, send an engineer to cost the installation, then prepare a commercial offer."
HIGH,Etimesgut 2 Nolu Aile Sağlığı Merkez,clinic,39.944828,32.6491594,,0,,0.0,way/450419384,"Contact the site manager, gauge interest, send an engineer to cost the installation, then prepare a commercial offer."
HIGH,Etimesgut 3 Nolu Aile Sağlığı Merkezi,clinic,39.9472107,32.6416905,,0,,0.0,way/448298945,"Contact the site manager, gauge interest, send an engineer to cost the installation, then prepare a commercial offer."
HIGH,Etimesgut 7 Nolu Aile Sağlığı Merkezi,clinic,39.9461431,32.6585327,,0,,0.0,node/14046099707,"Contact the site manager, gauge interest, send an engineer to cost the installation, then prepare a commercial offer."
HIGH,Etimesgut 8 Nolu Aile Sağlığı Merkezi,clinic,39.9490952,32.6312999,,0,,0.0,node/13918184900,"Contact the site manager, gauge interest, send an engineer to cost the installation, then prepare a commercial offer."
HIGH,Etimesgut Aile Sağlığı Merkezi,clinic,39.9428289,32.6154638,,0,,0.0,way/446775446,"Contact the site manager, gauge interest, send an engineer to cost the installation, then prepare a commercial offer."
HIGH,Etimesgut KATEM,clinic,39.9512208,32.6250468,,0,,0.0,way/453965867,"Contact the site manager, gauge interest, send an engineer to cost the installation, then prepare a commercial offer."
HIGH,Etimesgut Ümit Tıp Merkezi,hospital,39.9491525,32.6597675,,0,,0.0,node/14167225510,"Contact the site manager, gauge interest, send an engineer to cost the installation, then prepare a commercial offer."
HIGH,Etimesgut İstasyon Aile Sağlığı Merkezi,clinic,39.9424951,32.6630592,,0,,0.0,node/4499979185,"Contact the site manager, gauge interest, send an engineer to cost the installation, then prepare a commercial offer."
HIGH,Etlik Aile Sağlığı Merkezi,clinic,39.9812633,32.8325499,,0,,0.0,node/14178436411,"Contact the site manager, gauge interest, send an engineer to cost the installation, then prepare a commercial offer."
HIGH,Ev Shop,mall,39.9996329,32.8692517,,0,,0.0,node/4077691047,"Contact the site manager, gauge interest, send an engineer to cost the installation, then prepare a commercial offer."
HIGH,Evpark AVM,mall,40.0235309,32.9197813,,0,,0.0,way/207570282,"Contact the site manager, gauge interest, send an engineer to cost the installation, then prepare a commercial offer."
HIGH,Eylül Diyaliz,clinic,39.9492503,32.6590449,,0,,0.0,node/14167225551,"Contact the site manager, gauge interest, send an engineer to cost the installation, then prepare a commercial offer."
HIGH,FTZ Alışveriş Merkezi,mall,39.9766784,32.8673727,,0,,0.0,way/263990054,"Contact the site manager, gauge interest, send an engineer to cost the installation, then prepare a commercial offer."
HIGH,Farabi Sağlık Ocağı,clinic,40.0371717,32.8924751,,0,,0.0,way/273670740,"Contact the site manager, gauge interest, send an engineer to cost the installation, then prepare a commercial offer."
HIGH,Fizik Tedavi ve Rehabilitasyon Hastanesi,hospital,39.8991791,32.7622257,,0,,0.0,way/1232848835,"Contact the site manager, gauge interest, send an engineer to cost the installation, then prepare a commercial offer."
HIGH,Fizik Tedavi ve Rehabilitasyon Hastanesi,hospital,39.964659,32.8226394,,0,,0.0,relation/12268479,"Contact the site manager, gauge interest, send an engineer to cost the installation, then prepare a commercial offer."
HIGH,Gazeller Aile Sağlığı Merkezi,clinic,39.996933,32.8463095,,0,,0.0,node/4084939432,"Contact the site manager, gauge interest, send an engineer to cost the installation, then prepare a commercial offer."
HIGH,Gazi Üniversitesi Hastanesi,hospital,39.9338421,32.8231193,,0,,0.0,way/419244222,"Contact the site manager, gauge interest, send an engineer to cost the installation, then prepare a commercial offer."
HIGH,Gazi Üniversitesi Hastanesi Çayyolu Semt Polikliniği,clinic,39.8708164,32.6652824,,0,,0.0,way/1126118499,"Contact the site manager, gauge interest, send an engineer to cost the installation, then prepare a commercial offer."
HIGH,Gen Art Tüp Bebek Merkezi,clinic,39.8933264,32.8569987,,0,,0.0,node/247208795,"Contact the site manager, gauge interest, send an engineer to cost the installation, then prepare a commercial offer."
HIGH,Genel Hastane,hospital,39.9638523,32.8324801,,0,,0.0,node/10077457879,"Contact the site manager, gauge interest, send an engineer to cost the installation, then prepare a commercial offer."
HIGH,General Zeki Doğan Mahallesi Aile Sağlığı Merkez,clinic,39.9203123,32.9055369,,0,,0.0,node/4089547235,"Contact the site manager, gauge interest, send an engineer to cost the installation, then prepare a commercial offer."
HIGH,Gimsa,mall,39.9418199,32.6387077,,0,,0.0,way/448795680,"Contact the site manager, gauge interest, send an engineer to cost the installation, then prepare a commercial offer."
HIGH,Göksu AVM,mall,39.9864705,32.6464931,,0,,0.0,way/56407335,"Contact the site manager, gauge interest, send an engineer to cost the installation, then prepare a commercial offer."
HIGH,Göksu Aile Sağlığı Merkezi,clinic,39.9992228,32.6406012,,0,,0.0,way/1554824845,"Contact the site manager, gauge interest, send an engineer to cost the installation, then prepare a commercial offer."
HIGH,Göksu Mahallesi Muhtarlığı,business_centre,39.9810035,32.6480943,,0,,0.0,way/495498302,"Contact the site manager, gauge interest, send an engineer to cost the installation, then prepare a commercial offer."
HIGH,Görme Araştırmaları ve Az Görme Rehabilitasyon Birimi,clinic,39.9351906,32.8842546,,0,,0.0,way/1445758107,"Contact the site manager, gauge interest, send an engineer to cost the installation, then prepare a commercial offer."
HIGH,Göçmen Konutları Aile Sağlığı Merkezi,clinic,40.0268406,32.8891026,,0,,0.0,way/271776054,"Contact the site manager, gauge interest, send an engineer to cost the installation, then prepare a commercial offer."
HIGH,"Göğüs, Kalp ve Damar Hastalıkları Hastanesi",hospital,39.9671983,32.8306779,,0,,0.0,node/10077457878,"Contact the site manager, gauge interest, send an engineer to cost the installation, then prepare a commercial offer."
HIGH,Gülhane Eğitim ve Araştırma Hastanesi,hospital,39.968838,32.8459548,,0,,0.0,way/424727157,"Contact the site manager, gauge interest, send an engineer to cost the installation, then prepare a commercial offer."
HIGH,Gültepe Aile Sağlığı Merkez,clinic,39.9496065,32.8807963,,0,,0.0,way/437912586,"Contact the site manager, gauge interest, send an engineer to cost the installation, then prepare a commercial offer."
HIGH,Gülveren Sağlık Ocağı,clinic,39.9491042,32.8960839,,0,,0.0,way/423285010,"Contact the site manager, gauge interest, send an engineer to cost the installation, then prepare a commercial offer."
HIGH,Güneş Diyaliz Merkez,clinic,39.9837408,32.7627401,,0,,0.0,way/406575963,"Contact the site manager, gauge interest, send an engineer to cost the installation, then prepare a commercial offer."
HIGH,Güneşevler Semt Polikliniği,clinic,39.971465,32.8846772,,0,,0.0,node/4393575503,"Contact the site manager, gauge interest, send an engineer to cost the installation, then prepare a commercial offer."
HIGH,Gürgan Clinic,clinic,39.9128863,32.7692817,,0,,0.0,node/4540062293,"Contact the site manager, gauge interest, send an engineer to cost the installation, then prepare a commercial offer."
HIGH,Güven Fizik Tedavi Merkezi,clinic,39.8935006,32.857033,,0,,0.0,node/247208793,"Contact the site manager, gauge interest, send an engineer to cost the installation, then prepare a commercial offer."
HIGH,Güven Hastanesi,hospital,39.9045038,32.8545724,,0,,0.0,way/741763006,"Contact the site manager, gauge interest, send an engineer to cost the installation, then prepare a commercial offer."
HIGH,Güven Çayyolu Sağlık Kampüsü,hospital,39.8660218,32.6852028,zes 0kW,0,,0.0,way/387478850,"Contact the site manager, gauge interest, send an engineer to cost the installation, then prepare a commercial offer."
HIGH,HAVELSAN ARGE Binası,business_centre,39.8935342,32.7726479,,0,,0.0,way/423686180,"Contact the site manager, gauge interest, send an engineer to cost the installation, then prepare a commercial offer."
HIGH,HC International Clinic,hospital,39.8875893,32.847334,,0,,0.0,way/226285546,"Contact the site manager, gauge interest, send an engineer to cost the installation, then prepare a commercial offer."
HIGH,Hacettepe Üniversitesi Hastaneleri,hospital,39.9306877,32.8624088,,0,,0.0,node/8147891777,"Contact the site manager, gauge interest, send an engineer to cost the installation, then prepare a commercial offer."
HIGH,Hacettepe Üniversitesi Hastanesi,hospital,39.9312815,32.8639524,,0,,0.0,way/875361613,"Contact the site manager, gauge interest, send an engineer to cost the installation, then prepare a commercial offer."
HIGH,Halk Sağlığı Genel Müdürlüğü Ulusal Viroloji Referans Laboratuvarları,clinic,39.9274415,32.8601473,,0,,0.0,node/7364917211,"Contact the site manager, gauge interest, send an engineer to cost the installation, then prepare a commercial offer."
HIGH,Halıcı Yazılım Evi,business_centre,39.8975439,32.7758594,,0,,0.0,way/423686181,"Contact the site manager, gauge interest, send an engineer to cost the installation, then prepare a commercial offer."
HIGH,Havacılar Aile Sağlığı Merkezi,clinic,39.9620011,32.7805227,,0,,0.0,node/4564687971,"Contact the site manager, gauge interest, send an engineer to cost the installation, then prepare a commercial offer."
HIGH,Hemodiyaliz,hospital,39.9641333,32.8321434,,0,,0.0,node/10159201121,"Contact the site manager, gauge interest, send an engineer to cost the installation, then prepare a commercial offer."
HIGH,Hilal Aile Sağlığı Merkezi,clinic,39.8702549,32.8630467,,0,,0.0,node/4374052671,"Contact the site manager, gauge interest, send an engineer to cost the installation, then prepare a commercial offer."
HIGH,Hrs Kadın Hastanesi,hospital,39.8992464,32.8571032,,0,,0.0,way/458424437,"Contact the site manager, gauge interest, send an engineer to cost the installation, then prepare a commercial offer."
HIGH,Hüseyingazi Semt Polikliniği,hospital,39.96468,32.9550957,,0,,0.0,node/4191717260,"Contact the site manager, gauge interest, send an engineer to cost the installation, then prepare a commercial offer."
HIGH,Integra Tıbbi Görüntüleme,clinic,39.904105,32.8660459,,0,,0.0,node/312779097,"Contact the site manager, gauge interest, send an engineer to cost the installation, then prepare a commercial offer."
HIGH,KOSGEB ODTÜ TEKMER,business_centre,39.8987346,32.775882,,0,,0.0,relation/6296519,"Contact the site manager, gauge interest, send an engineer to cost the installation, then prepare a commercial offer."
HIGH,Kadın Doğum Hastanesi,hospital,39.9629747,32.8294212,,0,,0.0,node/10077457875,"Contact the site manager, gauge interest, send an engineer to cost the installation, then prepare a commercial offer."
HIGH,Kadın Doğum Ve Çocuk Acil,hospital,39.9640568,32.8290487,,0,,0.0,node/10077470611,"Contact the site manager, gauge interest, send an engineer to cost the installation, then prepare a commercial offer."
HIGH,Kahramanlar İş Merkezi,business_centre,39.9203059,32.8547562,,0,,0.0,way/227061567,"Contact the site manager, gauge interest, send an engineer to cost the installation, then prepare a commercial offer."
HIGH,Kaletepe Aile Sağlığı Merkezi,clinic,39.9817048,32.7899608,,0,,0.0,way/406545284,"Contact the site manager, gauge interest, send an engineer to cost the installation, then prepare a commercial offer."
HIGH,Karacaören Aile Sağlığı Merkezi,clinic,40.0246393,32.9237923,,0,,0.0,way/218871581,"Contact the site manager, gauge interest, send an engineer to cost the installation, then prepare a commercial offer."
HIGH,Karakaya Aile Sağlığı Merkezi,clinic,40.038546,32.8475691,,0,,0.0,node/4557114453,"Contact the site manager, gauge interest, send an engineer to cost the installation, then prepare a commercial offer."
HIGH,Karargahtepe Aile Sağlığı Merkezi,hospital,39.9770089,32.8581921,,0,,0.0,node/14014299274,"Contact the site manager, gauge interest, send an engineer to cost the installation, then prepare a commercial offer."
HIGH,Karşıyaka Alışveriş Merkezi,mall,39.9704104,32.7863325,,0,,0.0,way/405070905,"Contact the site manager, gauge interest, send an engineer to cost the installation, then prepare a commercial offer."
HIGH,Kayaş Aile Sağlığı Merkezi,clinic,39.9143691,32.9682062,,0,,0.0,way/457852733,"Contact the site manager, gauge interest, send an engineer to cost the installation, then prepare a commercial offer."
HIGH,Keklikpınarı Aile Sağlığı Merkezi,clinic,39.8592521,32.8175653,,0,,0.0,way/438495020,"Contact the site manager, gauge interest, send an engineer to cost the installation, then prepare a commercial offer."
HIGH,Kerkük Aile Sağlığı Merkezi,clinic,39.8912975,32.8753459,,0,,0.0,node/4541082562,"Contact the site manager, gauge interest, send an engineer to cost the installation, then prepare a commercial offer."
HIGH,Kezban Hüseyin Mercan Aile Sağlığı Merkezi,clinic,39.8705663,32.6651334,,0,,0.0,node/10297558853,"Contact the site manager, gauge interest, send an engineer to cost the installation, then prepare a commercial offer."
HIGH,Keçiören Aşık Veysel Aile Sağlığı Merkezi,clinic,40.0027638,32.8404649,,0,,0.0,node/13015005201,"Contact the site manager, gauge interest, send an engineer to cost the installation, then prepare a commercial offer."
HIGH,Keçiören Kamil Ocak Aile Sağlığı Merkezi,clinic,39.9789846,32.8844963,,0,,0.0,way/413645236,"Contact the site manager, gauge interest, send an engineer to cost the installation, then prepare a commercial offer."
HIGH,Kudret International Hospital,hospital,39.9298714,32.8450942,zes 0kW,0,,0.0,way/225661426,"Contact the site manager, gauge interest, send an engineer to cost the installation, then prepare a commercial offer."
HIGH,Kuşcağız Aile Sağlığı Merkez,clinic,39.9975291,32.8446659,,0,,0.0,way/406428693,"Contact the site manager, gauge interest, send an engineer to cost the installation, then prepare a commercial offer."
HIGH,Kıbrıs Köyü Sağlık Ocağı,clinic,39.8889643,32.9878957,,0,,0.0,way/406900093,"Contact the site manager, gauge interest, send an engineer to cost the installation, then prepare a commercial offer."
HIGH,Kızılay AVM,mall,39.9215417,32.8532903,,0,,0.0,way/427335497,"Contact the site manager, gauge interest, send an engineer to cost the installation, then prepare a commercial offer."
HIGH,Labris Teknoloji Bilisim Cozumleri,business_centre,39.8987054,32.7747281,,0,,0.0,way/1421254793,"Contact the site manager, gauge interest, send an engineer to cost the installation, then prepare a commercial offer."
HIGH,Liberal Parti Genel Merkezi,business_centre,39.9183702,32.8579883,,0,,0.0,node/9516602818,"Contact the site manager, gauge interest, send an engineer to cost the installation, then prepare a commercial offer."
HIGH,Lider Tıp Merkezi,hospital,39.950289,32.6121224,zes 0kW,0,,0.0,node/13527219507,"Contact the site manager, gauge interest, send an engineer to cost the installation, then prepare a commercial offer."
HIGH,Limon Bazaar,mall,39.9192261,32.8555771,,0,,0.0,node/6420538086,"Contact the site manager, gauge interest, send an engineer to cost the installation, then prepare a commercial offer."
HIGH,Lösev Losante Hastanesi,hospital,39.8962854,32.874456,,0,,0.0,way/228356193,"Contact the site manager, gauge interest, send an engineer to cost the installation, then prepare a commercial offer."
HIGH,MEDORAN Fizik Tedavi ve Rehabilitasyon Merkez,clinic,39.8565411,32.8532126,zes 60kW,0,,0.0,way/463598634,"Contact the site manager, gauge interest, send an engineer to cost the installation, then prepare a commercial offer."
HIGH,Maltepe Fizik Tedavi ve Rehabilitasyon Merkezi,clinic,39.9305489,32.8452211,zes 0kW,0,,0.0,node/4639694346,"Contact the site manager, gauge interest, send an engineer to cost the installation, then prepare a commercial offer."
HIGH,Mamak AVM,mall,39.9142282,32.9477065,,0,,0.0,way/991748686,"Contact the site manager, gauge interest, send an engineer to cost the installation, then prepare a commercial offer."
HIGH,Mamak Akşemseddin Aile Sağlığı Merkezi,clinic,39.9016475,32.9377164,,0,,0.0,node/4273169054,"Contact the site manager, gauge interest, send an engineer to cost the installation, then prepare a commercial offer."
HIGH,Medical Park Ankara Hastanesi,hospital,39.9665566,32.7094978,,0,,0.0,way/504133284,"Contact the site manager, gauge interest, send an engineer to cost the installation, then prepare a commercial offer."
HIGH,Medikal Gözlem Kliniği,hospital,39.8962236,32.753625,,0,,0.0,way/1099317629,"Contact the site manager, gauge interest, send an engineer to cost the installation, then prepare a commercial offer."
HIGH,Mediko,clinic,39.8908598,32.7887605,,0,,0.0,way/58076852,"Contact the site manager, gauge interest, send an engineer to cost the installation, then prepare a commercial offer."
HIGH,Medisun Hastanesi,hospital,39.8908191,32.7105063,,0,,0.0,node/5065584156,"Contact the site manager, gauge interest, send an engineer to cost the installation, then prepare a commercial offer."
HIGH,Meta Hair Protez Saç Kliniği,clinic,39.9692994,32.7850761,,0,,0.0,node/12365066162,"Contact the site manager, gauge interest, send an engineer to cost the installation, then prepare a commercial offer."
HIGH,Metro Center Alışveriş Merkezi,mall,39.9698361,32.7257807,,0,,0.0,way/1552637521,"Contact the site manager, gauge interest, send an engineer to cost the installation, then prepare a commercial offer."
HIGH,Meva Şehir AVM,mall,39.9641851,32.6229686,,0,,0.0,way/1337410127,"Contact the site manager, gauge interest, send an engineer to cost the installation, then prepare a commercial offer."
HIGH,MilSoft Yazılım A.Ş.,business_centre,39.8966619,32.7736873,,0,,0.0,way/221349053,"Contact the site manager, gauge interest, send an engineer to cost the installation, then prepare a commercial offer."
HIGH,Millî Piyango,business_centre,39.9213279,32.8527961,,0,,0.0,way/225727424,"Contact the site manager, gauge interest, send an engineer to cost the installation, then prepare a commercial offer."
HIGH,Muhtar Fazlı İrge,clinic,40.0132608,32.8693871,,0,,0.0,way/406043257,"Contact the site manager, gauge interest, send an engineer to cost the installation, then prepare a commercial offer."
HIGH,Mustafa Kemal ASM,clinic,39.9115261,32.7598517,,0,,0.0,node/2569572284,"Contact the site manager, gauge interest, send an engineer to cost the installation, then prepare a commercial offer."
HIGH,Mürsel Uluç Aile Sağlığı Merkezi,clinic,39.8578885,32.830743,,0,,0.0,node/7878412682,"Contact the site manager, gauge interest, send an engineer to cost the installation, then prepare a commercial offer."
HIGH,Müzeyyen Şükrü İlhan Aile Sağlığı Merkezi,clinic,39.9643168,32.9221227,,0,,0.0,way/420716330,"Contact the site manager, gauge interest, send an engineer to cost the installation, then prepare a commercial offer."
HIGH,Nanografi İnovasyon,business_centre,39.8987089,32.7743953,,0,,0.0,way/1421254792,"Contact the site manager, gauge interest, send an engineer to cost the installation, then prepare a commercial offer."
HIGH,Numune Hastanesi Mamak Semt Polikliniği,hospital,39.9284594,32.911405,,0,,0.0,way/406937157,"Contact the site manager, gauge interest, send an engineer to cost the installation, then prepare a commercial offer."
HIGH,One Tower AVM,mall,39.8495693,32.8351944,zes 60kW,0,,0.0,way/466744303,"Contact the site manager, gauge interest, send an engineer to cost the installation, then prepare a commercial offer."
HIGH,Onkoloji Hastanesi,hospital,39.961656,32.8302516,,0,,0.0,node/10077457880,"Contact the site manager, gauge interest, send an engineer to cost the installation, then prepare a commercial offer."
HIGH,Onkoloji Hastanesi Ahmet Andiçen Kampüsü,hospital,39.9233035,32.8628162,zes 0kW,0,,0.0,way/658968420,"Contact the site manager, gauge interest, send an engineer to cost the installation, then prepare a commercial offer."
HIGH,Onur Uğurlu Aile Sağlığı Merkezi,clinic,39.9222448,32.913454,,0,,0.0,way/432348493,"Contact the site manager, gauge interest, send an engineer to cost the installation, then prepare a commercial offer."
HIGH,Onur Çarşısı,mall,39.9225158,32.8513141,,0,,0.0,way/698960805,"Contact the site manager, gauge interest, send an engineer to cost the installation, then prepare a commercial offer."
HIGH,Ortopedi ve Nöroloji Hastanesi,hospital,39.9658986,32.8314799,,0,,0.0,node/10077457877,"Contact the site manager, gauge interest, send an engineer to cost the installation, then prepare a commercial offer."
HIGH,Osmanlı Halk Çarşısı,mall,39.9991431,32.8619593,,0,,0.0,way/405422766,"Contact the site manager, gauge interest, send an engineer to cost the installation, then prepare a commercial offer."
HIGH,POLO CLUB ÇANTA,mall,39.9784829,32.8597891,,0,,0.0,node/14021746662,"Contact the site manager, gauge interest, send an engineer to cost the installation, then prepare a commercial offer."
HIGH,Perstij AVM,mall,39.9986416,32.6039703,,0,,0.0,way/429257818,"Contact the site manager, gauge interest, send an engineer to cost the installation, then prepare a commercial offer."
HIGH,Psikiyatri Kliniği,hospital,39.9612455,32.8239916,,0,,0.0,node/10304290231,"Contact the site manager, gauge interest, send an engineer to cost the installation, then prepare a commercial offer."
HIGH,Pursaklar Devlet Hastanesi,hospital,40.049532,32.8940968,,0,,0.0,way/1005231512,"Contact the site manager, gauge interest, send an engineer to cost the installation, then prepare a commercial offer."
HIGH,Pursaklar Semt Polikliniği,clinic,40.0424792,32.8989259,,0,,0.0,way/406187340,"Contact the site manager, gauge interest, send an engineer to cost the installation, then prepare a commercial offer."
HIGH,RFM Batı Diyaliz Merkezi,clinic,39.9525374,32.6400758,,0,,0.0,node/14184997512,"Contact the site manager, gauge interest, send an engineer to cost the installation, then prepare a commercial offer."
HIGH,Rektörlük,business_centre,39.8713246,32.7500895,,0,,0.0,node/2052361510,"Contact the site manager, gauge interest, send an engineer to cost the installation, then prepare a commercial offer."
HIGH,Rektörlük İdari Birimler,business_centre,39.864566,32.7445455,,0,,0.0,node/2726418165,"Contact the site manager, gauge interest, send an engineer to cost the installation, then prepare a commercial offer."
HIGH,SATGEB Bölge Ortak Bina,business_centre,39.8936427,32.7720453,,0,,0.0,way/423686193,"Contact the site manager, gauge interest, send an engineer to cost the installation, then prepare a commercial offer."
HIGH,Sağlık Ocağı,clinic,39.9733334,32.7892504,,0,,0.0,way/405070910,"Contact the site manager, gauge interest, send an engineer to cost the installation, then prepare a commercial offer."
HIGH,Sağlık Ocağı,clinic,39.9748288,32.8166456,,0,,0.0,way/405074754,"Contact the site manager, gauge interest, send an engineer to cost the installation, then prepare a commercial offer."
HIGH,Sağlık Ocağı,clinic,40.0265896,32.8603686,,0,,0.0,way/406162770,"Contact the site manager, gauge interest, send an engineer to cost the installation, then prepare a commercial offer."
HIGH,Sağlık Ocağı,clinic,39.9179886,32.953137,,0,,0.0,way/406900087,"Contact the site manager, gauge interest, send an engineer to cost the installation, then prepare a commercial offer."
HIGH,Sağlık Ocağı,clinic,39.9798724,32.9334851,,0,,0.0,way/420264044,"Contact the site manager, gauge interest, send an engineer to cost the installation, then prepare a commercial offer."
HIGH,Sağlık Ocağı,clinic,39.9787343,32.7061588,,0,,0.0,way/429674480,"Contact the site manager, gauge interest, send an engineer to cost the installation, then prepare a commercial offer."
HIGH,Semt Polikliniği,hospital,39.8932607,32.8796874,zes 60kW,0,,0.0,node/312788094,"Contact the site manager, gauge interest, send an engineer to cost the installation, then prepare a commercial offer."
HIGH,Servet Ünsal Tıp Merkezi,clinic,39.9623538,32.7789032,,0,,0.0,way/404784079,"Contact the site manager, gauge interest, send an engineer to cost the installation, then prepare a commercial offer."
HIGH,Set Apartmanı,business_centre,39.9173475,32.8615752,,0,,0.0,way/226298882,"Contact the site manager, gauge interest, send an engineer to cost the installation, then prepare a commercial offer."
HIGH,Seza İnşaat San. ve Tic. A.Ş. - Genel Merkez,business_centre,39.8641714,32.854781,zes 60kW,0,,0.0,way/605555147,"Contact the site manager, gauge interest, send an engineer to cost the installation, then prepare a commercial offer."
HIGH,Seğmenler Vergi Dairesi,business_centre,39.9182255,32.8560357,,0,,0.0,way/227047592,"Contact the site manager, gauge interest, send an engineer to cost the installation, then prepare a commercial offer."
HIGH,Sivil Savunma ve Güvenlik Müdürlüğü,business_centre,39.8647238,32.7445335,,0,,0.0,node/4326329351,"Contact the site manager, gauge interest, send an engineer to cost the installation, then prepare a commercial offer."
HIGH,Subay Evleri Aile Sağlığı Merkezi,clinic,39.971304,32.8756322,,0,,0.0,way/406420486,"Contact the site manager, gauge interest, send an engineer to cost the installation, then prepare a commercial offer."
HIGH,Sürekli Eğitim Merkezi (SEM),business_centre,39.8981378,32.775534,,0,,0.0,way/423686197,"Contact the site manager, gauge interest, send an engineer to cost the installation, then prepare a commercial offer."
HIGH,Sürekli Eğitim Merkezi (SEM),business_centre,39.8980222,32.7760026,,0,,0.0,way/423686198,"Contact the site manager, gauge interest, send an engineer to cost the installation, then prepare a commercial offer."
HIGH,T.C Sağlık Bakanlığı (Pursaklar Ağız ve Diş Sağlığı Merkezi),hospital,40.0461277,32.9096653,,0,,0.0,way/1304649689,"Contact the site manager, gauge interest, send an engineer to cost the installation, then prepare a commercial offer."
HIGH,Teknokent Titanyum Blok,business_centre,39.8957901,32.7718196,Trugo 0kW,0,,0.0,node/4232392987,"Contact the site manager, gauge interest, send an engineer to cost the installation, then prepare a commercial offer."
HIGH,Teknokent İkizler Binası,business_centre,39.8965882,32.7758457,,0,,0.0,way/221316335,"Contact the site manager, gauge interest, send an engineer to cost the installation, then prepare a commercial offer."
HIGH,Tepebaşı Aile Sağlığı Merkezi,hospital,39.9881226,32.8619076,,0,,0.0,node/13888293972,"Contact the site manager, gauge interest, send an engineer to cost the installation, then prepare a commercial offer."
HIGH,Tepebaşı Ağız ve Diş Sağlığı Eğitim Araştırma Hastanesi,hospital,39.9846397,32.8650953,,0,,0.0,node/14028164988,"Contact the site manager, gauge interest, send an engineer to cost the installation, then prepare a commercial offer."
HIGH,Tepebaşı Ağız ve Diş Sağlığı Eğitim Araştırma Hastanesi,hospital,39.9846417,32.8650568,,0,,0.0,way/1282374141,"Contact the site manager, gauge interest, send an engineer to cost the installation, then prepare a commercial offer."
HIGH,Toplu Yapı Yönetimi,business_centre,39.8746589,32.7187715,,0,,0.0,way/1497062109,"Contact the site manager, gauge interest, send an engineer to cost the installation, then prepare a commercial offer."
HIGH,Topraklık Ağız ve Diş Sağlığı Merkezi,hospital,39.9202521,32.8726921,,0,,0.0,way/462549230,"Contact the site manager, gauge interest, send an engineer to cost the installation, then prepare a commercial offer."
HIGH,Türk Eğitim Derneği,business_centre,39.9141611,32.8582268,zes 0kW,0,,0.0,way/226298880,"Contact the site manager, gauge interest, send an engineer to cost the installation, then prepare a commercial offer."
HIGH,Türk Telekom,business_centre,39.9767396,32.6122004,,0,,0.0,way/228830580,"Contact the site manager, gauge interest, send an engineer to cost the installation, then prepare a commercial offer."
HIGH,Türkiye Yardım Sevenler Derneği Genel Merkezi,business_centre,39.9180318,32.861467,,0,,0.0,way/226299016,"Contact the site manager, gauge interest, send an engineer to cost the installation, then prepare a commercial offer."
HIGH,Türkiye İşçi Partisi Genel Merkezi,business_centre,39.9190001,32.8573445,,0,,0.0,way/227061429,"Contact the site manager, gauge interest, send an engineer to cost the installation, then prepare a commercial offer."
HIGH,Türkkonut Eryaman 6 Nolu Aile Sağlığı Merkezi,clinic,39.9947696,32.6335757,,0,,0.0,way/455695082,"Contact the site manager, gauge interest, send an engineer to cost the installation, then prepare a commercial offer."
HIGH,Türközü Aile Sağlığı Merkezi,clinic,39.9136377,32.8874177,,0,,0.0,way/431675143,"Contact the site manager, gauge interest, send an engineer to cost the installation, then prepare a commercial offer."
HIGH,Tıbbi Gözlem Kliniği,hospital,39.9597723,32.8267915,,0,,0.0,node/10235939073,"Contact the site manager, gauge interest, send an engineer to cost the installation, then prepare a commercial offer."
HIGH,Ufuktepe Sağlık Ocağı,clinic,40.0160358,32.861414,,0,,0.0,way/406150110,"Contact the site manager, gauge interest, send an engineer to cost the installation, then prepare a commercial offer."
HIGH,Ulubey Aile Sağlığı Merkez,clinic,39.9665261,32.9115844,,0,,0.0,way/406579939,"Contact the site manager, gauge interest, send an engineer to cost the installation, then prepare a commercial offer."
HIGH,Ulus Şehir Çarşısı,mall,39.9423376,32.8556262,,0,,0.0,way/783229341,"Contact the site manager, gauge interest, send an engineer to cost the installation, then prepare a commercial offer."
HIGH,Uyanış Sağlık Ocağı,clinic,40.0037719,32.8720926,,0,,0.0,way/405983543,"Contact the site manager, gauge interest, send an engineer to cost the installation, then prepare a commercial offer."
HIGH,VM Medical Park Keçiören Hastanesi,hospital,39.9753784,32.8678498,,0,,0.0,way/1190327294,"Contact the site manager, gauge interest, send an engineer to cost the installation, then prepare a commercial offer."
HIGH,Veli Gündüz Şahin Sağlık Ocağı,clinic,39.9220323,32.9043804,,0,,0.0,way/406917176,"Contact the site manager, gauge interest, send an engineer to cost the installation, then prepare a commercial offer."
HIGH,Veraset ve İntikal Vergi Dairesi,business_centre,39.9200283,32.856707,,0,,0.0,way/227061455,"Contact the site manager, gauge interest, send an engineer to cost the installation, then prepare a commercial offer."
HIGH,Visart Görüntüleme,clinic,39.8907705,32.8553519,,0,,0.0,node/247208826,"Contact the site manager, gauge interest, send an engineer to cost the installation, then prepare a commercial offer."
HIGH,Yakacık Aile Sağlığı Merkez,clinic,40.0375724,32.7684536,,0,,0.0,way/462316859,"Contact the site manager, gauge interest, send an engineer to cost the installation, then prepare a commercial offer."
HIGH,Yayla Sağlık Ocağı,clinic,39.9914095,32.8239722,,0,,0.0,way/404914985,"Contact the site manager, gauge interest, send an engineer to cost the installation, then prepare a commercial offer."
HIGH,Yeger Apartmanı,business_centre,39.918057,32.8565673,,0,,0.0,way/227061411,"Contact the site manager, gauge interest, send an engineer to cost the installation, then prepare a commercial offer."
HIGH,Yeni Batı Aile Sağlığı Merkezi,clinic,39.9673115,32.7032669,,0,,0.0,way/1336637271,"Contact the site manager, gauge interest, send an engineer to cost the installation, then prepare a commercial offer."
HIGH,Yenidoğan Niyazi Karabey Aile Sağlığı Merkezi,clinic,39.9488089,32.8759119,,0,,0.0,way/437911814,"Contact the site manager, gauge interest, send an engineer to cost the installation, then prepare a commercial offer."
HIGH,Yenimahalle 6 Nolu Aile Sağlığı Merkezi,clinic,39.9846941,32.7991013,,0,,0.0,node/8825938837,"Contact the site manager, gauge interest, send an engineer to cost the installation, then prepare a commercial offer."
HIGH,Yenimahalle Atatürk Aile Sağlığı Merkezi,clinic,39.9557312,32.8032233,,0,,0.0,way/1128435734,"Contact the site manager, gauge interest, send an engineer to cost the installation, then prepare a commercial offer."
HIGH,Yenimahalle Pamuklar Aile Sağlığı Merkezi,clinic,39.9841369,32.8078636,,0,,0.0,way/858233999,"Contact the site manager, gauge interest, send an engineer to cost the installation, then prepare a commercial offer."
HIGH,Yeşilbayır Polikinliği,clinic,39.9095413,32.9580615,,0,,0.0,node/4273021111,"Contact the site manager, gauge interest, send an engineer to cost the installation, then prepare a commercial offer."
HIGH,Yeşiltepe Aile Sağlık Merkezi,clinic,39.9932568,32.8941394,,0,,0.0,way/414389539,"Contact the site manager, gauge interest, send an engineer to cost the installation, then prepare a commercial offer."
HIGH,Yol Tarifi Arif Göçmen Aile Sağlığı Merkez,clinic,39.9849091,32.7608511,,0,,0.0,way/406575956,"Contact the site manager, gauge interest, send an engineer to cost the installation, then prepare a commercial offer."
HIGH,Yüksek Güvenlikli Adli Psikiyatri Hastanesi,hospital,39.9028354,32.7635992,,0,,0.0,way/1099315325,"Contact the site manager, gauge interest, send an engineer to cost the installation, then prepare a commercial offer."
HIGH,Yükseltepe Aile Sağlığı Merkez,clinic,39.9988177,32.8097561,,0,,0.0,way/406575976,"Contact the site manager, gauge interest, send an engineer to cost the installation, then prepare a commercial offer."
HIGH,Zekai Tahir Burak Kadın Sağlığı Eğitim ve Araştırma Hastanesi,hospital,39.9324175,32.8687683,,0,,0.0,way/436826675,"Contact the site manager, gauge interest, send an engineer to cost the installation, then prepare a commercial offer."
HIGH,Zübeyde Hanım Doğum ve Kadın Hastalıkları Hastanesi,hospital,39.9643983,32.8396733,,0,,0.0,way/324059873,"Contact the site manager, gauge interest, send an engineer to cost the installation, then prepare a commercial offer."
HIGH,animanya,business_centre,39.8937466,32.6979575,,0,,0.0,way/773762671,"Contact the site manager, gauge interest, send an engineer to cost the installation, then prepare a commercial offer."
HIGH,erdoğan şahinoğlu asm,hospital,39.8799432,32.8002666,,0,,0.0,way/1303299842,"Contact the site manager, gauge interest, send an engineer to cost the installation, then prepare a commercial offer."
HIGH,Çamlıca Aile Sağlığı Merkezi,clinic,39.9541804,32.784393,,0,,0.0,way/460459218,"Contact the site manager, gauge interest, send an engineer to cost the installation, then prepare a commercial offer."
HIGH,Çankaya 3 Nolu Aile Sağlığı Merkezi,clinic,39.9143886,32.8689506,,0,,0.0,node/6170864954,"Contact the site manager, gauge interest, send an engineer to cost the installation, then prepare a commercial offer."
HIGH,Çankaya 4 Nolu Aile Sağlığı Merkez,clinic,39.8867461,32.8403583,,0,,0.0,way/224463093,"Contact the site manager, gauge interest, send an engineer to cost the installation, then prepare a commercial offer."
HIGH,Çankaya 6 Nolu Aile Sağlık Merkezi,clinic,39.9261341,32.8665582,,0,,0.0,way/422181524,"Contact the site manager, gauge interest, send an engineer to cost the installation, then prepare a commercial offer."
HIGH,Çankaya Barbaros Aile Sağlığı Merkezi,clinic,39.872687,32.8568567,,0,,0.0,node/4411213293,"Contact the site manager, gauge interest, send an engineer to cost the installation, then prepare a commercial offer."
HIGH,Çankaya Bağlar Aile Sağlığı Merkezi,clinic,39.8994567,32.8754885,,0,,0.0,node/83537337,"Contact the site manager, gauge interest, send an engineer to cost the installation, then prepare a commercial offer."
HIGH,Çankaya Doktorlar Grubu,clinic,39.8850509,32.8532215,,0,,0.0,node/143916593,"Contact the site manager, gauge interest, send an engineer to cost the installation, then prepare a commercial offer."
HIGH,Çankaya Hoşdere ASM Sağlık Ocağı,clinic,39.8990664,32.848473,,0,,0.0,node/13566125301,"Contact the site manager, gauge interest, send an engineer to cost the installation, then prepare a commercial offer."
HIGH,Çankaya Osman Temiz Mahallesi Aile Sağlığı Merkezi,clinic,39.8754245,32.8392232,,0,,0.0,node/9846167946,"Contact the site manager, gauge interest, send an engineer to cost the installation, then prepare a commercial offer."
HIGH,Çarşı,mall,39.8925365,32.7883429,,0,,0.0,way/57910019,"Contact the site manager, gauge interest, send an engineer to cost the installation, then prepare a commercial offer."
HIGH,Çelikler İş Merkezi,mall,39.9060133,32.8609872,,0,,0.0,node/4617717384,"Contact the site manager, gauge interest, send an engineer to cost the installation, then prepare a commercial offer."
HIGH,Çocuk Hastanesi,hospital,39.9649757,32.8284088,,0,,0.0,node/10245508803,"Contact the site manager, gauge interest, send an engineer to cost the installation, then prepare a commercial offer."
HIGH,Çocuk Hemodiyaliz,hospital,39.9656233,32.8290858,,0,,0.0,node/10080058032,"Contact the site manager, gauge interest, send an engineer to cost the installation, then prepare a commercial offer."
HIGH,Çukurambar Sağlık Ocağı,clinic,39.906281,32.8037503,,0,,0.0,way/459172931,"Contact the site manager, gauge interest, send an engineer to cost the installation, then prepare a commercial offer."
HIGH,Örnek Aile Sağlığı Merkezi,clinic,39.9550608,32.8796689,,0,,0.0,way/437930279,"Contact the site manager, gauge interest, send an engineer to cost the installation, then prepare a commercial offer."
HIGH,Özel 19 Mayıs Hastanesi,hospital,39.8752724,32.8406413,,0,,0.0,way/443137380,"Contact the site manager, gauge interest, send an engineer to cost the installation, then prepare a commercial offer."
HIGH,Özel Ankara Cerrahi Tıp Merkezi,hospital,39.8924972,32.8263122,,0,,0.0,node/4406513697,"Contact the site manager, gauge interest, send an engineer to cost the installation, then prepare a commercial offer."
HIGH,Özel Ata Grup Tıp Merkezi,hospital,39.8732775,32.6889154,,0,,0.0,way/222270145,"Contact the site manager, gauge interest, send an engineer to cost the installation, then prepare a commercial offer."
HIGH,Özel Bilgi Tıp Merkez,clinic,39.9881199,32.8655666,,0,,0.0,way/406128626,"Contact the site manager, gauge interest, send an engineer to cost the installation, then prepare a commercial offer."
HIGH,Özel Biltaş Böbrek Taşı Kırma Merkezi,hospital,39.9093866,32.8598732,,0,,0.0,node/247208522,"Contact the site manager, gauge interest, send an engineer to cost the installation, then prepare a commercial offer."
HIGH,Özel Denge İç Hastalıkları Merkezi,hospital,39.9043285,32.8664682,,0,,0.0,node/312779099,"Contact the site manager, gauge interest, send an engineer to cost the installation, then prepare a commercial offer."
HIGH,Özel ECM Köroğlu Plastik Estetik ve Rekonstrüktif Cerrahi Merkezi,hospital,39.8926412,32.8702759,zes 0kW,0,,0.0,way/228356153,"Contact the site manager, gauge interest, send an engineer to cost the installation, then prepare a commercial offer."
HIGH,Özel Etimed Hastanesi,hospital,39.9537624,32.6281642,,0,,0.0,way/406727922,"Contact the site manager, gauge interest, send an engineer to cost the installation, then prepare a commercial offer."
HIGH,Özel Klinik 99 Ağız ve Diş Sağlığı Polikliniği,hospital,39.8985816,32.8538197,,0,,0.0,way/741582579,"Contact the site manager, gauge interest, send an engineer to cost the installation, then prepare a commercial offer."
HIGH,Özel Koru Kavaklıdere Hastanesi,hospital,39.9064721,32.8635098,,0,,0.0,node/4333122824,"Contact the site manager, gauge interest, send an engineer to cost the installation, then prepare a commercial offer."
HIGH,Özel Ulus Hastanesi,hospital,39.9538484,32.8530502,,0,,0.0,way/217542916,"Contact the site manager, gauge interest, send an engineer to cost the installation, then prepare a commercial offer."
HIGH,Özel Yaşam Hastanesi,hospital,39.882833,32.8717938,zes 60kW,0,,0.0,way/313433603,"Contact the site manager, gauge interest, send an engineer to cost the installation, then prepare a commercial offer."
HIGH,Özel Yeni Med Tıp Merkezi,clinic,39.869455,32.8269657,,0,,0.0,way/438516082,"Contact the site manager, gauge interest, send an engineer to cost the installation, then prepare a commercial offer."
HIGH,Özkaya Sağlık Grubu,clinic,39.9205192,32.8572738,,0,,0.0,node/14193463929,"Contact the site manager, gauge interest, send an engineer to cost the installation, then prepare a commercial offer."
HIGH,Özkent Akbilek Aile Sağlığı Merkezi,clinic,39.906904,32.9788499,,0,,0.0,way/427937980,"Contact the site manager, gauge interest, send an engineer to cost the installation, then prepare a commercial offer."
HIGH,Öztoprak Aile Sağlığı Merkezi,clinic,39.936238,32.8985587,,0,,0.0,node/2345237912,"Contact the site manager, gauge interest, send an engineer to cost the installation, then prepare a commercial offer."
HIGH,Öğrenci Dekanlığı,business_centre,39.8725309,32.7504191,,0,,0.0,node/2726323192,"Contact the site manager, gauge interest, send an engineer to cost the installation, then prepare a commercial offer."
HIGH,Ümitköy Site Çarşısı,mall,39.9001028,32.7060653,,0,,0.0,node/8727253380,"Contact the site manager, gauge interest, send an engineer to cost the installation, then prepare a commercial offer."
HIGH,Ümmü Gülsüm Güçlüoğlu Aile Sağlığı Merkez,clinic,39.9190945,32.8867513,,0,,0.0,way/435099664,"Contact the site manager, gauge interest, send an engineer to cost the installation, then prepare a commercial offer."
HIGH,İlk Umut Tıp Merkezi,clinic,39.9647294,32.7182717,,0,,0.0,node/663571868,"Contact the site manager, gauge interest, send an engineer to cost the installation, then prepare a commercial offer."
HIGH,İtfaiye Meydanı,mall,39.9348906,32.8576586,,0,,0.0,node/8147301794,"Contact the site manager, gauge interest, send an engineer to cost the installation, then prepare a commercial offer."
HIGH,İtfaiye Çarşısı,mall,39.9568397,32.8589701,,0,,0.0,way/1124689361,"Contact the site manager, gauge interest, send an engineer to cost the installation, then prepare a commercial offer."
HIGH,Şafaktepe Aile Sağlığı Merkezi,clinic,39.9383592,32.8878968,,0,,0.0,node/4344334890,"Contact the site manager, gauge interest, send an engineer to cost the installation, then prepare a commercial offer."
HIGH,Şehit Savaş Bıyıklı Aile Sağlığı Merkezi,clinic,39.9661474,32.9816083,,0,,0.0,way/418127185,"Contact the site manager, gauge interest, send an engineer to cost the installation, then prepare a commercial offer."
HIGH,Şehit Ömer Öztürk Sağlık Ocağı,clinic,40.0041187,32.8808165,,0,,0.0,way/412344851,"Contact the site manager, gauge interest, send an engineer to cost the installation, then prepare a commercial offer."
HIGH,Şehit Ömür Gülünay Aile Sağlığı Merkezi,clinic,39.954759,32.7445993,,0,,0.0,way/1376321138,"Contact the site manager, gauge interest, send an engineer to cost the installation, then prepare a commercial offer."
HIGH,Şenlik Aile Sağlığı Merkezi,clinic,39.9938408,32.8736559,,0,,0.0,node/4078116504,"Contact the site manager, gauge interest, send an engineer to cost the installation, then prepare a commercial offer."
HIGH,Şenyuva Aile Sağlığı Merkezi,clinic,40.01394,32.8911526,,0,,0.0,way/443776710,"Contact the site manager, gauge interest, send an engineer to cost the installation, then prepare a commercial offer."
HIGH,Şevket Sağlık Ocağı,clinic,39.9856944,32.8811668,,0,,0.0,way/313309260,"Contact the site manager, gauge interest, send an engineer to cost the installation, then prepare a commercial offer."
HIGH,Şirintepe Aile Sağlığı Merkezi,clinic,39.9150609,32.9241993,,0,,0.0,way/430036393,"Contact the site manager, gauge interest, send an engineer to cost the installation, then prepare a commercial offer."
MEDIUM,ANKAmall,mall,39.9512681,32.831205,,1,ASTOR,300.0,relation/12002789,"Contact the site manager, gauge interest, send an engineer to cost the installation, then prepare a commercial offer."
MEDIUM,Ambrosia,mall,39.9074572,32.8075192,,2,"Sepaş Akıllı Çözümler Anonim Şirketi, wat mobilite",200.0,way/13292008,"Contact the site manager, gauge interest, send an engineer to cost the installation, then prepare a commercial offer."
MEDIUM,Anatolium Ankara Alışveriş Merkezi,mall,39.8871886,32.9326798,zes 60kW,2,"ASTOR, Otopriz",180.0,way/293514978,"Contact the site manager, gauge interest, send an engineer to cost the installation, then prepare a commercial offer."
MEDIUM,Ankuva AVM,mall,39.8837066,32.7560383,,2,"EKA ENERJİ, oncharge",180.0,way/267154216,"Contact the site manager, gauge interest, send an engineer to cost the installation, then prepare a commercial offer."
MEDIUM,Antares AVM,mall,39.9702885,32.8211112,,2,"Otopriz, Wattarya",180.0,way/231372470,"Contact the site manager, gauge interest, send an engineer to cost the installation, then prepare a commercial offer."
MEDIUM,Arcadium AVM,mall,39.8827804,32.6857359,zes 60kW; zes 60kW,1,ASTOR,180.0,way/172594505,"Contact the site manager, gauge interest, send an engineer to cost the installation, then prepare a commercial offer."
MEDIUM,Batıkent Meydan AVM,mall,39.9686394,32.7171293,,2,"EVC CHARGE, VOLTRUN",200.0,way/310406901,"Contact the site manager, gauge interest, send an engineer to cost the installation, then prepare a commercial offer."
MEDIUM,Bayındır Hastanesi,hospital,39.9106628,32.8112279,,6,"KES, NEVA ŞARJ, eşarj, spectrum girişimcilik",240.0,way/382475113,"Contact the site manager, gauge interest, send an engineer to cost the installation, then prepare a commercial offer."
MEDIUM,Beytepe Aile Sağlığı Merkezi,clinic,39.8617149,32.7144499,,1,Otopriz,180.0,node/13673970079,"Contact the site manager, gauge interest, send an engineer to cost the installation, then prepare a commercial offer."
MEDIUM,Cyberpark H Blok,business_centre,39.8705109,32.746497,,1,oncharge,160.0,way/1167942563,"Contact the site manager, gauge interest, send an engineer to cost the installation, then prepare a commercial offer."
MEDIUM,Dent Ala Diş Kliniği,clinic,39.8695529,32.685596,,2,NEVA ŞARJ,240.0,node/13955444601,"Contact the site manager, gauge interest, send an engineer to cost the installation, then prepare a commercial offer."
MEDIUM,Deva Tıp Merkezi,hospital,39.980181,32.8222229,,1,ASTOR,180.0,way/227701865,"Contact the site manager, gauge interest, send an engineer to cost the installation, then prepare a commercial offer."
MEDIUM,Dünya Göz Hastanesi,hospital,39.9104521,32.8569099,zes 0kW,3,"eşarj, ÇELİKLER ENERJİ",180.0,way/225730980,"Contact the site manager, gauge interest, send an engineer to cost the installation, then prepare a commercial offer."
MEDIUM,Düzen Labaratuvarları,clinic,39.9024804,32.8595423,,1,NEVA ŞARJ,120.0,node/4798923417,"Contact the site manager, gauge interest, send an engineer to cost the installation, then prepare a commercial offer."
MEDIUM,Ertuğ Pasajı,business_centre,39.9054817,32.8603539,,1,solinved,120.0,way/225734135,"Contact the site manager, gauge interest, send an engineer to cost the installation, then prepare a commercial offer."
MEDIUM,Eryaman AVM,mall,39.9699866,32.6210737,,1,ZEPLİN CAR rental,120.0,node/13752236086,"Contact the site manager, gauge interest, send an engineer to cost the installation, then prepare a commercial offer."
MEDIUM,Eryaman Port AVM,mall,39.9649924,32.6078337,,1,Otopriz,180.0,way/1376050702,"Contact the site manager, gauge interest, send an engineer to cost the installation, then prepare a commercial offer."
MEDIUM,Eskihisar Otomotiv,business_centre,40.0377654,32.9044014,,1,D-Charge,180.0,way/218833257,"Contact the site manager, gauge interest, send an engineer to cost the installation, then prepare a commercial offer."
MEDIUM,Eskihisar Plaza AVM,business_centre,40.0370611,32.9040524,,1,D-Charge,180.0,way/218681054,"Contact the site manager, gauge interest, send an engineer to cost the installation, then prepare a commercial offer."
MEDIUM,Etimesgut Toplum Sağlığı Merkezi,clinic,39.9667486,32.6550903,,1,ZEPLİN CAR rental,120.0,way/496423765,"Contact the site manager, gauge interest, send an engineer to cost the installation, then prepare a commercial offer."
MEDIUM,FizyoCare Fizik Tedavi ve Rehabilitasyon Merkezi,hospital,39.8710536,32.6846575,,2,NEVA ŞARJ,240.0,way/392401137,"Contact the site manager, gauge interest, send an engineer to cost the installation, then prepare a commercial offer."
MEDIUM,Forum Gordion AVM,mall,39.9003055,32.6911149,Trugo 60kW,3,"ASTOR, Plug&drive, TORA",160.0,way/1498416042,"Contact the site manager, gauge interest, send an engineer to cost the installation, then prepare a commercial offer."
MEDIUM,Galaxy Alışveriş Merkezi,mall,39.9881099,32.6091405,,1,Sky World Solar Enerji,120.0,way/187284496,"Contact the site manager, gauge interest, send an engineer to cost the installation, then prepare a commercial offer."
MEDIUM,Gimat Gross,mall,39.9604166,32.767702,,1,NEVA ŞARJ,120.0,way/1092567781,"Contact the site manager, gauge interest, send an engineer to cost the installation, then prepare a commercial offer."
MEDIUM,Gimsa Park Eryaman,mall,39.9647965,32.6509677,,1,NEVA ŞARJ,120.0,way/421789879,"Contact the site manager, gauge interest, send an engineer to cost the installation, then prepare a commercial offer."
MEDIUM,Hamesa Cadde,mall,39.9813698,32.8222268,,1,ASTOR,180.0,way/1054870901,"Contact the site manager, gauge interest, send an engineer to cost the installation, then prepare a commercial offer."
MEDIUM,Karum,mall,39.900406,32.8634804,zes 0kW; zes 60kW,2,"EN YAKIT, eşarj",150.0,way/67522918,"Contact the site manager, gauge interest, send an engineer to cost the installation, then prepare a commercial offer."
MEDIUM,Kasım Bayram Plaza,mall,39.8773032,32.8630792,,3,"NEVA ŞARJ, eşarj, önizşarj",240.0,way/680667901,"Contact the site manager, gauge interest, send an engineer to cost the installation, then prepare a commercial offer."
MEDIUM,Kozlar Çarşısı,mall,39.9026134,32.8614313,,2,"NEVA ŞARJ, solinved",120.0,node/75316307,"Contact the site manager, gauge interest, send an engineer to cost the installation, then prepare a commercial offer."
MEDIUM,Kuğulu Pasajı,mall,39.9028652,32.8606937,,2,"NEVA ŞARJ, solinved",120.0,way/404511353,"Contact the site manager, gauge interest, send an engineer to cost the installation, then prepare a commercial offer."
MEDIUM,Liv Hospital,hospital,39.911912,32.8566825,zes 0kW,3,"eşarj, ÇELİKLER ENERJİ",180.0,way/387216160,"Contact the site manager, gauge interest, send an engineer to cost the installation, then prepare a commercial offer."
MEDIUM,Lokman Ekim Akay Hastanesi,hospital,39.9125684,32.8577472,zes 0kW; zes 0kW,1,eşarj,180.0,way/67522907,"Contact the site manager, gauge interest, send an engineer to cost the installation, then prepare a commercial offer."
MEDIUM,Madalyon Psikiyatri Merkezi,hospital,39.9035953,32.8592906,,2,"NEVA ŞARJ, solinved",120.0,way/225734170,"Contact the site manager, gauge interest, send an engineer to cost the installation, then prepare a commercial offer."
MEDIUM,Medicana Ankara,hospital,39.9101306,32.7996409,,3,"ASTOR, Otopriz, ŞARJTAK",180.0,way/422223198,"Contact the site manager, gauge interest, send an engineer to cost the installation, then prepare a commercial offer."
MEDIUM,Memorial Ankara Hastanesi,hospital,39.9036739,32.8152018,zes 60kW,3,"ASTOR, eşarj",300.0,way/471137376,"Contact the site manager, gauge interest, send an engineer to cost the installation, then prepare a commercial offer."
MEDIUM,Nata Vega Outlet AVM,mall,39.8874825,32.9344943,zes 60kW,2,"ASTOR, Otopriz",180.0,way/293514980,"Contact the site manager, gauge interest, send an engineer to cost the installation, then prepare a commercial offer."
MEDIUM,Optimum Outlet Center,mall,39.9653357,32.6317515,,1,RÖNESANS CHARGER,180.0,way/52058533,"Contact the site manager, gauge interest, send an engineer to cost the installation, then prepare a commercial offer."
MEDIUM,Prof. Dr. Esin Yalçınkaya,clinic,39.9087706,32.7439587,,3,"ASTOR, Otopriz, eşarj",300.0,node/13848541297,"Contact the site manager, gauge interest, send an engineer to cost the installation, then prepare a commercial offer."
MEDIUM,Sağlık Merkezi,clinic,39.8683183,32.7491176,,1,oncharge,160.0,node/2052361533,"Contact the site manager, gauge interest, send an engineer to cost the installation, then prepare a commercial offer."
MEDIUM,Seğmenler İş Hanı,business_centre,39.9045309,32.8602284,,2,"NEVA ŞARJ, solinved",120.0,way/225734222,"Contact the site manager, gauge interest, send an engineer to cost the installation, then prepare a commercial offer."
MEDIUM,TOBB ETÜ Hastanesi,hospital,39.9132337,32.8059016,zes 0kW,1,i-şarj,180.0,way/405488845,"Contact the site manager, gauge interest, send an engineer to cost the installation, then prepare a commercial offer."
MEDIUM,Tunalı Pasajı,mall,39.9056261,32.8608243,,1,solinved,120.0,node/247208709,"Contact the site manager, gauge interest, send an engineer to cost the installation, then prepare a commercial offer."
MEDIUM,Turgut Özal 2 Nolu Aile Sağlığı Merkezi,clinic,39.9892713,32.7089294,,1,EN YAKIT,180.0,node/10583169880,"Contact the site manager, gauge interest, send an engineer to cost the installation, then prepare a commercial offer."
MEDIUM,Türkiye İstatistik Kurumu,business_centre,39.9161842,32.8443247,,1,U-ŞARJ,200.0,way/879702097,"Contact the site manager, gauge interest, send an engineer to cost the installation, then prepare a commercial offer."
MEDIUM,Vega Center,mall,39.9151339,32.7662595,,1,Otopriz,180.0,way/1546963301,"Contact the site manager, gauge interest, send an engineer to cost the installation, then prepare a commercial offer."
MEDIUM,Yeni Batı 2 Aile Sağlığı Merkezi,hospital,39.9832711,32.6599008,,1,eşarj,180.0,way/1111722167,"Contact the site manager, gauge interest, send an engineer to cost the installation, then prepare a commercial offer."
MEDIUM,Yenimahalle Eğitim ve Araştırma Hastanesi Ostim Semt Polikliniği,clinic,39.9687815,32.7457428,,2,ASTOR,160.0,way/406551598,"Contact the site manager, gauge interest, send an engineer to cost the installation, then prepare a commercial offer."
MEDIUM,Çankaya Polikliniği,clinic,39.8770872,32.8646812,,3,"NEVA ŞARJ, eşarj, önizşarj",240.0,way/9865583,"Contact the site manager, gauge interest, send an engineer to cost the installation, then prepare a commercial offer."
MEDIUM,Özel Eryaman Hastanesi,hospital,39.9718079,32.6524364,,1,Plug&drive,120.0,way/475832644,"Contact the site manager, gauge interest, send an engineer to cost the installation, then prepare a commercial offer."
MEDIUM,Özel Mim Hastanesi,hospital,39.8761712,32.8595368,,1,wat mobilite,150.0,way/439689214,"Contact the site manager, gauge interest, send an engineer to cost the installation, then prepare a commercial offer."
MEDIUM,Özel Satıroğlu Nar Hastanesi,hospital,39.896919,32.8774351,,1,SHELL,180.0,way/228548621,"Contact the site manager, gauge interest, send an engineer to cost the installation, then prepare a commercial offer."
MEDIUM,Özel Veni Vidi Mamak Hastanesi,hospital,39.9199634,32.9081261,,1,EN YAKIT,180.0,way/406914944,"Contact the site manager, gauge interest, send an engineer to cost the installation, then prepare a commercial offer."
MEDIUM,Özel Yüzüncü Yıl Hastanesi,hospital,39.8919509,32.8102784,,3,"ASTOR, ECOBOX, eşarj",180.0,way/471122979,"Contact the site manager, gauge interest, send an engineer to cost the installation, then prepare a commercial offer."
MEDIUM,Özel Zümrüt Polikliniği,clinic,39.9840336,32.8886082,,1,oğultürk PANO,120.0,way/410009608,"Contact the site manager, gauge interest, send an engineer to cost the installation, then prepare a commercial offer."
MEDIUM,Özel Çankaya Hastanesi,hospital,39.9047963,32.8633166,,1,solinved,120.0,node/75319365,"Contact the site manager, gauge interest, send an engineer to cost the installation, then prepare a commercial offer."
MEDIUM,Üçhisar İş Merkezi,business_centre,40.0379824,32.903715,,1,D-Charge,180.0,way/218836956,"Contact the site manager, gauge interest, send an engineer to cost the installation, then prepare a commercial offer."
MEDIUM,İs Bankası Ankara Teknoloji ve Operasyon Merkezi,business_centre,39.9141046,32.7668559,,1,Otopriz,180.0,way/1546963302,"Contact the site manager, gauge interest, send an engineer to cost the installation, then prepare a commercial offer."
