source,identifier,reason
osm,node/3890716143,'name'
osm,node/3892456703,'name'
osm,node/4347235916,'name'
osm,node/4592508771,'name'
osm,node/4592511551,'name'
osm,node/4592511643,'name'
osm,node/12094885450,'name'
osm,way/194727775,'name'
osm,way/217544725,'name'
osm,way/217544804,'name'
osm,way/217618894,'name'
osm,way/217618896,'name'
osm,way/217755368,'name'
osm,way/217759158,'name'
osm,way/217759415,'name'
osm,way/217759428,'name'
osm,way/217759461,'name'
osm,way/218427792,'name'
osm,way/218427801,'name'
osm,way/223521736,'name'
osm,way/224417086,'name'
osm,way/224417089,'name'
osm,way/224417096,'name'
osm,way/225238769,'name'
osm,way/225244691,'name'
osm,way/225661418,'name'
osm,way/225718143,'name'
osm,way/225718155,'name'
osm,way/225718195,'name'
osm,way/225718197,'name'
osm,way/225718209,'name'
osm,way/225718216,'name'
osm,way/225718220,'name'
osm,way/225730884,'name'
osm,way/225730886,'name'
osm,way/225730892,'name'
osm,way/225730910,'name'
osm,way/225730916,'name'
osm,way/225730959,'name'
osm,way/225730985,'name'
osm,way/225734131,'name'
osm,way/225734140,'name'
osm,way/225734142,'name'
osm,way/225734143,'name'
osm,way/225734147,'name'
osm,way/225734149,'name'
osm,way/225734159,'name'
osm,way/225734163,'name'
osm,way/225734172,'name'
osm,way/225734173,'name'
osm,way/225734176,'name'
osm,way/225734189,'name'
osm,way/225734195,'name'
osm,way/225734198,'name'
osm,way/225734204,'name'
osm,way/225734213,'name'
osm,way/225734217,'name'
osm,way/225734225,'name'
osm,way/225734226,'name'
osm,way/225734232,'name'
osm,way/225734234,'name'
osm,way/225734235,'name'
osm,way/225734237,'name'
osm,way/225734238,'name'
osm,way/225734242,'name'
osm,way/225734247,'name'
osm,way/225734262,'name'
osm,way/225734263,'name'
osm,way/225734265,'name'
osm,way/225740239,'name'
osm,way/225740250,'name'
osm,way/225740254,'name'
osm,way/225740257,'name'
osm,way/225740259,'name'
osm,way/225740287,'name'
osm,way/225740289,'name'
osm,way/225740290,'name'
osm,way/225740292,'name'
osm,way/225740298,'name'
osm,way/225740312,'name'
osm,way/225740315,'name'
osm,way/225740317,'name'
osm,way/225740328,'name'
osm,way/225740329,'name'
osm,way/225740330,'name'
osm,way/225740332,'name'
osm,way/225740339,'name'
osm,way/225740353,'name'
osm,way/225740355,'name'
osm,way/225740358,'name'
osm,way/225774336,'name'
osm,way/225774350,'name'
osm,way/225774374,'name'
osm,way/225774383,'name'
osm,way/225774397,'name'
osm,way/225774403,'name'
osm,way/225774412,'name'
osm,way/225774414,'name'
osm,way/225774416,'name'
osm,way/225774428,'name'
osm,way/225774439,'name'
osm,way/225774454,'name'
osm,way/225774471,'name'
osm,way/225774473,'name'
osm,way/225774483,'name'
osm,way/225774507,'name'
osm,way/225774552,'name'
osm,way/225774575,'name'
osm,way/225774582,'name'
osm,way/225774585,'name'
osm,way/225774586,'name'
osm,way/225774604,'name'
osm,way/225774624,'name'
osm,way/225774658,'name'
osm,way/225774660,'name'
osm,way/225919860,'name'
osm,way/225919862,'name'
osm,way/225919901,'name'
osm,way/225919915,'name'
osm,way/225919925,'name'
osm,way/225919934,'name'
osm,way/225919935,'name'
osm,way/225919953,'name'
osm,way/225919997,'name'
osm,way/225920000,'name'
osm,way/225920001,'name'
osm,way/225920024,'name'
osm,way/225920061,'name'
osm,way/225920081,'name'
osm,way/225920098,'name'
osm,way/225920106,'name'
osm,way/225920113,'name'
osm,way/225921891,'name'
osm,way/225921908,'name'
osm,way/225923894,'name'
osm,way/225923910,'name'
osm,way/225923911,'name'
osm,way/225923915,'name'
osm,way/226056813,'name'
osm,way/226057960,'name'
osm,way/226212612,'name'
osm,way/226217968,'name'
osm,way/226298780,'name'
osm,way/226298784,'name'
osm,way/226298789,'name'
osm,way/226298790,'name'
osm,way/226298798,'name'
osm,way/226298852,'name'
osm,way/226298860,'name'
osm,way/226298874,'name'
osm,way/226298888,'name'
osm,way/226298894,'name'
osm,way/226298900,'name'
osm,way/226298914,'name'
osm,way/226298942,'name'
osm,way/226298977,'name'
osm,way/226298984,'name'
osm,way/226298991,'name'
osm,way/226299005,'name'
osm,way/226299026,'name'
osm,way/226299029,'name'
osm,way/227047540,'name'
osm,way/227047546,'name'
osm,way/227047557,'name'
osm,way/227047564,'name'
osm,way/227047567,'name'
osm,way/227047602,'name'
osm,way/227047608,'name'
osm,way/227047615,'name'
osm,way/227061340,'name'
osm,way/227061342,'name'
osm,way/227061345,'name'
osm,way/227061350,'name'
osm,way/227061354,'name'
osm,way/227061366,'name'
osm,way/227061368,'name'
osm,way/227061375,'name'
osm,way/227061393,'name'
osm,way/227061417,'name'
osm,way/227061432,'name'
osm,way/227061438,'name'
osm,way/227061440,'name'
osm,way/227061442,'name'
osm,way/227061482,'name'
osm,way/227061492,'name'
osm,way/227061494,'name'
osm,way/227061496,'name'
osm,way/227061500,'name'
osm,way/227061505,'name'
osm,way/227061511,'name'
osm,way/227061513,'name'
osm,way/227061516,'name'
osm,way/227061518,'name'
osm,way/227061523,'name'
osm,way/227061539,'name'
osm,way/227061562,'name'
osm,way/227284893,'name'
osm,way/228007939,'name'
osm,way/243868864,'name'
osm,way/271798232,'name'
osm,way/328241092,'name'
osm,way/402225959,'name'
osm,way/417532594,'name'
osm,way/420040710,'name'
osm,way/420067981,'name'
osm,way/420067982,'name'
osm,way/422198758,'name'
osm,way/422198760,'name'
osm,way/425108248,'name'
osm,way/425108252,'name'
osm,way/425108253,'name'
osm,way/425108254,'name'
osm,way/427001430,'name'
osm,way/429675812,'name'
osm,way/429679238,'name'
osm,way/471137378,'name'
osm,way/638700382,'name'
osm,way/677287821,'name'
osm,way/680667902,'name'
osm,way/681425147,'name'
osm,way/683600286,'name'
osm,way/685104312,'name'
osm,way/686283345,'name'
osm,way/686283346,'name'
osm,way/686283347,'name'
osm,way/686283349,'name'
osm,way/686283350,'name'
osm,way/686283351,'name'
osm,way/686283352,'name'
osm,way/686283353,'name'
osm,way/686283354,'name'
osm,way/686283355,'name'
osm,way/692050420,'name'
osm,way/697887898,'name'
osm,way/697887899,'name'
osm,way/697887900,'name'
osm,way/697887912,'name'
osm,way/697887913,'name'
osm,way/697887915,'name'
osm,way/698047378,'name'
osm,way/698047379,'name'
osm,way/698088299,'name'
osm,way/698088311,'name'
osm,way/698088312,'name'
osm,way/698088313,'name'
osm,way/698259462,'name'
osm,way/698259464,'name'
osm,way/698259465,'name'
osm,way/698259466,'name'
osm,way/698259467,'name'
osm,way/698286266,'name'
osm,way/698286267,'name'
osm,way/698286268,'name'
osm,way/698286269,'name'
osm,way/698359649,'name'
osm,way/698359650,'name'
osm,way/698359651,'name'
osm,way/698359652,'name'
osm,way/698359653,'name'
osm,way/698359654,'name'
osm,way/698359655,'name'
osm,way/698359656,'name'
osm,way/698359657,'name'
osm,way/698359662,'name'
osm,way/698627258,'name'
osm,way/698627259,'name'
osm,way/698627260,'name'
osm,way/698627261,'name'
osm,way/698627262,'name'
osm,way/698627263,'name'
osm,way/698627264,'name'
osm,way/698627265,'name'
osm,way/698627266,'name'
osm,way/730864934,'name'
osm,way/730864936,'name'
osm,way/730864938,'name'
osm,way/745785446,'name'
osm,way/868273942,'name'
osm,way/887024157,'name'
osm,way/909391281,'name'
osm,way/1010247154,'name'
osm,way/1124498358,'name'
osm,way/1361307615,'name'
osm,way/1376050703,'name'
osm,way/1380835762,'name'
